episode,episode_length,episode_reward,frame,step,total_time
0.0,1000.0,5.545874680835605e-43,0,0.0,0.02379894256591797
10.0,1000.0,2.370275678367638,10000,10000.0,510.68389892578125
20.0,1000.0,6.204492818220905,20000,20000.0,1218.6894273757935
30.0,1000.0,0.2269442251763369,30000,30000.0,1924.5844149589539
