actor_ent,actor_logprob,actor_loss,batch_reward,buffer_size,critic_loss,critic_q1,critic_q2,critic_target_q,episode,episode_length,episode_reward,fps,frame,step,total_time
-0.3809988498687744,0.7761916275024414,0.1035802448540926,3.4329378519066195e-27,5000.0,0.00023196194446200024,-0.10214283899217844,-0.10222659689188003,-0.10223918928205968,5.0,1000.0,2.8312239501327444e-30,4.761805049882231,5000,5000.0,210.00440001487732
-0.3809988498687744,0.7955681149959564,0.08952956891059875,3.301947197451738e-27,6000.0,1.8936913433662994e-05,-0.08834715601801872,-0.08834655450284482,-0.08834582802653312,6.0,1000.0,2.1713783582066097e-68,16.595014030554058,6000,6000.0,270.26346492767334
-0.3809988498687744,0.695841340303421,0.0775485421717167,3.4066939351309615e-27,7000.0,2.9739235840224866e-05,-0.07645721235871315,-0.07645751714706421,-0.07645734769105911,7.0,1000.0,0.0002910141384252102,16.559278148025804,7000,7000.0,330.6525719165802
-0.3809988498687744,0.6077480043172836,0.066953578799963,9.986042543630446e-08,8000.0,8.674960218257866e-06,-0.06634161680936813,-0.06634313351660967,-0.06633961443603038,8.0,1000.0,4.09369390515109,16.65718651273783,8000,8000.0,390.68672132492065
