{"eval/total_time": 1924.5844149589539, "eval/episode_reward": 0.2269442251763369, "eval/episode_length": 1000.0, "eval/episode": 30.0, "eval/step": 30000.0, "eval/frame": 30000, "_runtime": 2647, "_timestamp": 1658291193, "_step": 39, "train/batch_reward": 0.018368899061431875, "train/critic_target_q": 2.9450244941711428, "train/critic_q1": 2.9447489275932313, "train/critic_q2": 2.944752420902252, "train/critic_loss": 0.18232917319238187, "train/actor_loss": -3.0351510348320008, "train/actor_logprob": 0.955970454454422, "train/actor_ent": -0.3809988498687744, "train/fps": 16.74338745905707, "train/total_time": 2628.671191930771, "train/episode_reward": 21.986631998535476, "train/episode_length": 1000.0, "train/episode": 40.0, "train/buffer_size": 40000.0, "train/step": 40000.0, "train/frame": 40000}