{"eval/total_time": 0.02379894256591797, "eval/episode_reward": 5.545874680835605e-43, "eval/episode_length": 1000.0, "eval/episode": 0.0, "eval/step": 0.0, "eval/frame": 0, "_runtime": 409, "_timestamp": 1658288955, "_step": 4, "train/batch_reward": 9.986042543630446e-08, "train/critic_target_q": -0.06633961443603038, "train/critic_q1": -0.06634161680936813, "train/critic_q2": -0.06634313351660967, "train/critic_loss": 8.674960218257866e-06, "train/actor_loss": 0.066953578799963, "train/actor_logprob": 0.6077480043172836, "train/actor_ent": -0.3809988498687744, "train/fps": 16.65718651273783, "train/total_time": 390.68672132492065, "train/episode_reward": 4.09369390515109, "train/episode_length": 1000.0, "train/episode": 8.0, "train/buffer_size": 8000.0, "train/step": 8000.0, "train/frame": 8000}